model,step,epoch,metric,value
babyA-v1,10,0.03683241252302026,train_loss,6.8226
babyA-v1,20,0.07366482504604052,train_loss,5.9447
babyA-v1,30,0.11049723756906077,train_loss,5.5606
babyA-v1,40,0.14732965009208104,train_loss,5.2827
babyA-v1,50,0.1841620626151013,train_loss,5.0342
babyA-v1,60,0.22099447513812154,train_loss,4.792
babyA-v1,70,0.2578268876611418,train_loss,4.6217
babyA-v1,80,0.2946593001841621,train_loss,4.4857
babyA-v1,90,0.3314917127071823,train_loss,4.3516
babyA-v1,100,0.3683241252302026,train_loss,4.2283
babyA-v1,110,0.40515653775322286,train_loss,4.1077
babyA-v1,120,0.4419889502762431,train_loss,4.0493
babyA-v1,130,0.47882136279926335,train_loss,3.9501
babyA-v1,140,0.5156537753222836,train_loss,3.9677
babyA-v1,150,0.5524861878453039,train_loss,3.7992
babyA-v1,160,0.5893186003683242,train_loss,3.7898
babyA-v1,170,0.6261510128913443,train_loss,3.7245
babyA-v1,180,0.6629834254143646,train_loss,3.7028
babyA-v1,190,0.6998158379373849,train_loss,3.6286
babyA-v1,200,0.7366482504604052,train_loss,3.553
babyA-v1,210,0.7734806629834254,train_loss,3.4706
babyA-v1,220,0.8103130755064457,train_loss,3.4502
babyA-v1,230,0.8471454880294659,train_loss,3.4645
babyA-v1,240,0.8839779005524862,train_loss,3.3942
babyA-v1,250,0.9208103130755064,train_loss,3.2764
babyA-v1,260,0.9576427255985267,train_loss,3.2156
babyA-v1,270,0.994475138121547,train_loss,3.2623
babyA-v1,272,1.0,eval_loss,3.1988492012023926
babyA-v1,280,1.0294659300184161,train_loss,3.2435
babyA-v1,290,1.0662983425414365,train_loss,3.1316
babyA-v1,300,1.1031307550644567,train_loss,3.1953
babyA-v1,310,1.139963167587477,train_loss,3.0943
babyA-v1,320,1.1767955801104972,train_loss,3.0905
babyA-v1,330,1.2136279926335174,train_loss,3.0118
babyA-v1,340,1.2504604051565378,train_loss,3.0109
babyA-v1,350,1.287292817679558,train_loss,2.9695
babyA-v1,360,1.3241252302025783,train_loss,2.95
babyA-v1,370,1.3609576427255985,train_loss,2.9389
babyA-v1,380,1.3977900552486187,train_loss,2.8643
babyA-v1,390,1.434622467771639,train_loss,2.8479
babyA-v1,400,1.4714548802946594,train_loss,2.8639
babyA-v1,410,1.5082872928176796,train_loss,2.7333
babyA-v1,420,1.5451197053406998,train_loss,2.7443
babyA-v1,430,1.58195211786372,train_loss,2.7935
babyA-v1,440,1.6187845303867403,train_loss,2.6814
babyA-v1,450,1.6556169429097607,train_loss,2.7786
babyA-v1,460,1.6924493554327809,train_loss,2.718
babyA-v1,470,1.729281767955801,train_loss,2.6124
babyA-v1,480,1.7661141804788214,train_loss,2.685
babyA-v1,490,1.8029465930018416,train_loss,2.6489
babyA-v1,500,1.839779005524862,train_loss,2.6336
babyA-v1,510,1.8766114180478821,train_loss,2.6688
babyA-v1,520,1.9134438305709023,train_loss,2.596
babyA-v1,530,1.9502762430939227,train_loss,2.5641
babyA-v1,540,1.987108655616943,train_loss,2.6507
babyA-v1,544,2.0,eval_loss,2.5357279777526855
babyA-v1,550,2.022099447513812,train_loss,2.5942
babyA-v1,560,2.0589318600368323,train_loss,2.4802
babyA-v1,570,2.095764272559853,train_loss,2.6024
babyA-v1,580,2.132596685082873,train_loss,2.5198
babyA-v1,590,2.169429097605893,train_loss,2.4761
babyA-v1,600,2.2062615101289134,train_loss,2.5073
babyA-v1,610,2.2430939226519335,train_loss,2.5513
babyA-v1,620,2.279926335174954,train_loss,2.4843
babyA-v1,630,2.3167587476979743,train_loss,2.4282
babyA-v1,640,2.3535911602209945,train_loss,2.3806
babyA-v1,650,2.3904235727440146,train_loss,2.5158
babyA-v1,660,2.427255985267035,train_loss,2.42
babyA-v1,670,2.4640883977900554,train_loss,2.4378
babyA-v1,680,2.5009208103130756,train_loss,2.4062
babyA-v1,690,2.5377532228360957,train_loss,2.3632
babyA-v1,700,2.574585635359116,train_loss,2.3926
babyA-v1,710,2.611418047882136,train_loss,2.5071
babyA-v1,720,2.6482504604051567,train_loss,2.3648
babyA-v1,730,2.685082872928177,train_loss,2.3708
babyA-v1,740,2.721915285451197,train_loss,2.3076
babyA-v1,750,2.758747697974217,train_loss,2.3846
babyA-v1,760,2.7955801104972373,train_loss,2.4091
babyA-v1,770,2.832412523020258,train_loss,2.3642
babyA-v1,780,2.869244935543278,train_loss,2.3382
babyA-v1,790,2.9060773480662982,train_loss,2.3013
babyA-v1,800,2.942909760589319,train_loss,2.3594
babyA-v1,810,2.979742173112339,train_loss,2.3596
babyA-v1,816,3.0,eval_loss,2.3431334495544434
babyB-v1,10,0.03683241252302026,train_loss,5.645
babyB-v1,20,0.07366482504604052,train_loss,4.7204
babyB-v1,30,0.11049723756906077,train_loss,4.1839
babyB-v1,40,0.14732965009208104,train_loss,3.8628
babyB-v1,50,0.1841620626151013,train_loss,3.5996
babyB-v1,60,0.22099447513812154,train_loss,3.3611
babyB-v1,70,0.2578268876611418,train_loss,3.1351
babyB-v1,80,0.2946593001841621,train_loss,3.0549
babyB-v1,90,0.3314917127071823,train_loss,2.9522
babyB-v1,100,0.3683241252302026,train_loss,2.8488
babyB-v1,110,0.40515653775322286,train_loss,2.705
babyB-v1,120,0.4419889502762431,train_loss,2.6492
babyB-v1,130,0.47882136279926335,train_loss,2.5708
babyB-v1,140,0.5156537753222836,train_loss,2.6413
babyB-v1,150,0.5524861878453039,train_loss,2.4196
babyB-v1,160,0.5893186003683242,train_loss,2.4585
babyB-v1,170,0.6261510128913443,train_loss,2.4136
babyB-v1,180,0.6629834254143646,train_loss,2.4133
babyB-v1,190,0.6998158379373849,train_loss,2.3517
babyB-v1,200,0.7366482504604052,train_loss,2.2688
babyB-v1,210,0.7734806629834254,train_loss,2.2101
babyB-v1,220,0.8103130755064457,train_loss,2.2132
babyB-v1,230,0.8471454880294659,train_loss,2.2559
babyB-v1,240,0.8839779005524862,train_loss,2.1722
babyB-v1,250,0.9208103130755064,train_loss,2.0224
babyB-v1,260,0.9576427255985267,train_loss,1.9821
babyB-v1,270,0.994475138121547,train_loss,2.1008
babyB-v1,272,1.0,eval_loss,2.0074949264526367
babyB-v1,280,1.0294659300184161,train_loss,2.0726
babyB-v1,290,1.0662983425414365,train_loss,1.9657
babyB-v1,300,1.1031307550644567,train_loss,2.0409
babyB-v1,310,1.139963167587477,train_loss,1.9588
babyB-v1,320,1.1767955801104972,train_loss,1.9636
babyB-v1,330,1.2136279926335174,train_loss,1.8899
babyB-v1,340,1.2504604051565378,train_loss,1.9005
babyB-v1,350,1.287292817679558,train_loss,1.853
babyB-v1,360,1.3241252302025783,train_loss,1.8438
babyB-v1,370,1.3609576427255985,train_loss,1.8482
babyB-v1,380,1.3977900552486187,train_loss,1.7813
babyB-v1,390,1.434622467771639,train_loss,1.7588
babyB-v1,400,1.4714548802946594,train_loss,1.7945
babyB-v1,410,1.5082872928176796,train_loss,1.6674
babyB-v1,420,1.5451197053406998,train_loss,1.6823
babyB-v1,430,1.58195211786372,train_loss,1.7579
babyB-v1,440,1.6187845303867403,train_loss,1.6365
babyB-v1,450,1.6556169429097607,train_loss,1.7578
babyB-v1,460,1.6924493554327809,train_loss,1.6989
babyB-v1,470,1.729281767955801,train_loss,1.6065
babyB-v1,480,1.7661141804788214,train_loss,1.6836
babyB-v1,490,1.8029465930018416,train_loss,1.6592
babyB-v1,500,1.839779005524862,train_loss,1.6372
babyB-v1,510,1.8766114180478821,train_loss,1.6904
babyB-v1,520,1.9134438305709023,train_loss,1.6167
babyB-v1,530,1.9502762430939227,train_loss,1.5892
babyB-v1,540,1.987108655616943,train_loss,1.693
babyB-v1,544,2.0,eval_loss,1.5794732570648193
babyB-v1,550,2.022099447513812,train_loss,1.6459
babyB-v1,560,2.0589318600368323,train_loss,1.5327
babyB-v1,570,2.095764272559853,train_loss,1.6626
babyB-v1,580,2.132596685082873,train_loss,1.5751
babyB-v1,590,2.169429097605893,train_loss,1.5361
babyB-v1,600,2.2062615101289134,train_loss,1.5878
babyB-v1,610,2.2430939226519335,train_loss,1.6174
babyB-v1,620,2.279926335174954,train_loss,1.5651
babyB-v1,630,2.3167587476979743,train_loss,1.5176
babyB-v1,640,2.3535911602209945,train_loss,1.4531
babyB-v1,650,2.3904235727440146,train_loss,1.5978
babyB-v1,660,2.427255985267035,train_loss,1.5127
babyB-v1,670,2.4640883977900554,train_loss,1.536
babyB-v1,680,2.5009208103130756,train_loss,1.4923
babyB-v1,690,2.5377532228360957,train_loss,1.4468
babyB-v1,700,2.574585635359116,train_loss,1.4799
babyB-v1,710,2.611418047882136,train_loss,1.6187
babyB-v1,720,2.6482504604051567,train_loss,1.465
babyB-v1,730,2.685082872928177,train_loss,1.4711
babyB-v1,740,2.721915285451197,train_loss,1.3954
babyB-v1,750,2.758747697974217,train_loss,1.4947
babyB-v1,760,2.7955801104972373,train_loss,1.5249
babyB-v1,770,2.832412523020258,train_loss,1.4674
babyB-v1,780,2.869244935543278,train_loss,1.4476
babyB-v1,790,2.9060773480662982,train_loss,1.3998
babyB-v1,800,2.942909760589319,train_loss,1.4683
babyB-v1,810,2.979742173112339,train_loss,1.4681
babyB-v1,816,3.0,eval_loss,1.4563320875167847
babyA-v15-dsl-3,10,0.044518642181413465,train_loss,7.9967
babyA-v15-dsl-3,20,0.08903728436282693,train_loss,7.1536
babyA-v15-dsl-3,30,0.1335559265442404,train_loss,6.72
babyA-v15-dsl-3,40,0.17807456872565386,train_loss,6.4778
babyA-v15-dsl-3,50,0.22259321090706732,train_loss,6.2213
babyA-v15-dsl-3,60,0.2671118530884808,train_loss,5.9936
babyA-v15-dsl-3,70,0.3116304952698943,train_loss,5.916
babyA-v15-dsl-3,80,0.3561491374513077,train_loss,5.7251
babyA-v15-dsl-3,90,0.4006677796327212,train_loss,5.6297
babyA-v15-dsl-3,100,0.44518642181413465,train_loss,5.5193
babyA-v15-dsl-3,110,0.48970506399554814,train_loss,5.3969
babyA-v15-dsl-3,120,0.5342237061769616,train_loss,5.2547
babyA-v15-dsl-3,130,0.5787423483583751,train_loss,5.177
babyA-v15-dsl-3,140,0.6232609905397886,train_loss,5.0636
babyA-v15-dsl-3,150,0.667779632721202,train_loss,4.9978
babyA-v15-dsl-3,160,0.7122982749026154,train_loss,4.846
babyA-v15-dsl-3,170,0.756816917084029,train_loss,4.8609
babyA-v15-dsl-3,180,0.8013355592654424,train_loss,4.7378
babyA-v15-dsl-3,190,0.8458542014468559,train_loss,4.7144
babyA-v15-dsl-3,200,0.8903728436282693,train_loss,4.6418
babyA-v15-dsl-3,210,0.9348914858096828,train_loss,4.5636
babyA-v15-dsl-3,220,0.9794101279910963,train_loss,4.5089
babyA-v15-dsl-3,225,1.0,eval_loss,4.3288702964782715
babyA-v15-dsl-3,230,1.0222593210907067,train_loss,4.4903
babyA-v15-dsl-3,240,1.0667779632721202,train_loss,4.3925
babyA-v15-dsl-3,250,1.1112966054535336,train_loss,4.3963
babyA-v15-dsl-3,260,1.1558152476349473,train_loss,4.2965
babyA-v15-dsl-3,270,1.2003338898163607,train_loss,4.2415
babyA-v15-dsl-3,280,1.2448525319977741,train_loss,4.2319
babyA-v15-dsl-3,290,1.2893711741791876,train_loss,4.152
babyA-v15-dsl-3,300,1.333889816360601,train_loss,4.1267
babyA-v15-dsl-3,310,1.3784084585420144,train_loss,4.0602
babyA-v15-dsl-3,320,1.4229271007234279,train_loss,3.9948
babyA-v15-dsl-3,330,1.4674457429048413,train_loss,4.0942
babyA-v15-dsl-3,340,1.5119643850862547,train_loss,3.9949
babyA-v15-dsl-3,350,1.5564830272676682,train_loss,3.9505
babyA-v15-dsl-3,360,1.6010016694490818,train_loss,3.9552
babyA-v15-dsl-3,370,1.6455203116304953,train_loss,3.8485
babyA-v15-dsl-3,380,1.6900389538119087,train_loss,3.8883
babyA-v15-dsl-3,390,1.7345575959933222,train_loss,3.8251
babyA-v15-dsl-3,400,1.7790762381747358,train_loss,3.7343
babyA-v15-dsl-3,410,1.8235948803561493,train_loss,3.7457
babyA-v15-dsl-3,420,1.8681135225375627,train_loss,3.77
babyA-v15-dsl-3,430,1.9126321647189761,train_loss,3.5998
babyA-v15-dsl-3,440,1.9571508069003896,train_loss,3.6923
babyA-v15-dsl-3,450,2.0,train_loss,3.6948
babyA-v15-dsl-3,450,2.0,eval_loss,3.49072265625
babyA-v15-dsl-3,460,2.0445186421814134,train_loss,3.575
babyA-v15-dsl-3,470,2.089037284362827,train_loss,3.6292
babyA-v15-dsl-3,480,2.1335559265442403,train_loss,3.5122
babyA-v15-dsl-3,490,2.1780745687256537,train_loss,3.5776
babyA-v15-dsl-3,500,2.222593210907067,train_loss,3.5339
babyA-v15-dsl-3,510,2.2671118530884806,train_loss,3.4544
babyA-v15-dsl-3,520,2.3116304952698945,train_loss,3.4952
babyA-v15-dsl-3,530,2.3561491374513075,train_loss,3.4846
babyA-v15-dsl-3,540,2.4006677796327214,train_loss,3.546
babyA-v15-dsl-3,550,2.445186421814135,train_loss,3.4647
babyA-v15-dsl-3,560,2.4897050639955483,train_loss,3.4186
babyA-v15-dsl-3,570,2.5342237061769617,train_loss,3.4804
babyA-v15-dsl-3,580,2.578742348358375,train_loss,3.4345
babyA-v15-dsl-3,590,2.6232609905397886,train_loss,3.3732
babyA-v15-dsl-3,600,2.667779632721202,train_loss,3.4613
babyA-v15-dsl-3,610,2.7122982749026154,train_loss,3.399
babyA-v15-dsl-3,620,2.756816917084029,train_loss,3.3824
babyA-v15-dsl-3,630,2.8013355592654423,train_loss,3.4242
babyA-v15-dsl-3,640,2.8458542014468557,train_loss,3.3986
babyA-v15-dsl-3,650,2.890372843628269,train_loss,3.4268
babyA-v15-dsl-3,660,2.9348914858096826,train_loss,3.3769
babyA-v15-dsl-3,670,2.9794101279910965,train_loss,3.4291
babyA-v15-dsl-3,675,3.0,eval_loss,3.2422471046447754
babyB-v15-dsl-3,10,0.044518642181413465,train_loss,5.8886
babyB-v15-dsl-3,20,0.08903728436282693,train_loss,5.0154
babyB-v15-dsl-3,30,0.1335559265442404,train_loss,4.5358
babyB-v15-dsl-3,40,0.17807456872565386,train_loss,4.1964
babyB-v15-dsl-3,50,0.22259321090706732,train_loss,3.9521
babyB-v15-dsl-3,60,0.2671118530884808,train_loss,3.6935
babyB-v15-dsl-3,70,0.3116304952698943,train_loss,3.6181
babyB-v15-dsl-3,80,0.3561491374513077,train_loss,3.4168
babyB-v15-dsl-3,90,0.4006677796327212,train_loss,3.3261
babyB-v15-dsl-3,100,0.44518642181413465,train_loss,3.247
babyB-v15-dsl-3,110,0.48970506399554814,train_loss,3.12
babyB-v15-dsl-3,120,0.5342237061769616,train_loss,3.0247
babyB-v15-dsl-3,130,0.5787423483583751,train_loss,2.9788
babyB-v15-dsl-3,140,0.6232609905397886,train_loss,2.8653
babyB-v15-dsl-3,150,0.667779632721202,train_loss,2.8069
babyB-v15-dsl-3,160,0.7122982749026154,train_loss,2.711
babyB-v15-dsl-3,170,0.756816917084029,train_loss,2.7007
babyB-v15-dsl-3,180,0.8013355592654424,train_loss,2.5826
babyB-v15-dsl-3,190,0.8458542014468559,train_loss,2.6351
babyB-v15-dsl-3,200,0.8903728436282693,train_loss,2.5566
babyB-v15-dsl-3,210,0.9348914858096828,train_loss,2.499
babyB-v15-dsl-3,220,0.9794101279910963,train_loss,2.4475
babyB-v15-dsl-3,225,1.0,eval_loss,2.346897602081299
babyB-v15-dsl-3,230,1.0222593210907067,train_loss,2.4305
babyB-v15-dsl-3,240,1.0667779632721202,train_loss,2.3763
babyB-v15-dsl-3,250,1.1112966054535336,train_loss,2.3884
babyB-v15-dsl-3,260,1.1558152476349473,train_loss,2.3263
babyB-v15-dsl-3,270,1.2003338898163607,train_loss,2.301
babyB-v15-dsl-3,280,1.2448525319977741,train_loss,2.2937
babyB-v15-dsl-3,290,1.2893711741791876,train_loss,2.2489
babyB-v15-dsl-3,300,1.333889816360601,train_loss,2.2308
babyB-v15-dsl-3,310,1.3784084585420144,train_loss,2.1853
babyB-v15-dsl-3,320,1.4229271007234279,train_loss,2.146
babyB-v15-dsl-3,330,1.4674457429048413,train_loss,2.2718
babyB-v15-dsl-3,340,1.5119643850862547,train_loss,2.2105
babyB-v15-dsl-3,350,1.5564830272676682,train_loss,2.1688
babyB-v15-dsl-3,360,1.6010016694490818,train_loss,2.1829
babyB-v15-dsl-3,370,1.6455203116304953,train_loss,2.0951
babyB-v15-dsl-3,380,1.6900389538119087,train_loss,2.147
babyB-v15-dsl-3,390,1.7345575959933222,train_loss,2.1126
babyB-v15-dsl-3,400,1.7790762381747358,train_loss,2.0164
babyB-v15-dsl-3,410,1.8235948803561493,train_loss,2.046
babyB-v15-dsl-3,420,1.8681135225375627,train_loss,2.0881
babyB-v15-dsl-3,430,1.9126321647189761,train_loss,1.9343
babyB-v15-dsl-3,440,1.9571508069003896,train_loss,2.0268
babyB-v15-dsl-3,450,2.0,train_loss,2.0529
babyB-v15-dsl-3,450,2.0,eval_loss,1.8806812763214111
babyB-v15-dsl-3,460,2.0445186421814134,train_loss,1.9244
babyB-v15-dsl-3,470,2.089037284362827,train_loss,2.0185
babyB-v15-dsl-3,480,2.1335559265442403,train_loss,1.8891
babyB-v15-dsl-3,490,2.1780745687256537,train_loss,1.9782
babyB-v15-dsl-3,500,2.222593210907067,train_loss,1.9359
babyB-v15-dsl-3,510,2.2671118530884806,train_loss,1.8812
babyB-v15-dsl-3,520,2.3116304952698945,train_loss,1.9245
babyB-v15-dsl-3,530,2.3561491374513075,train_loss,1.9124
babyB-v15-dsl-3,540,2.4006677796327214,train_loss,1.9761
babyB-v15-dsl-3,550,2.445186421814135,train_loss,1.8971
babyB-v15-dsl-3,560,2.4897050639955483,train_loss,1.8578
babyB-v15-dsl-3,570,2.5342237061769617,train_loss,1.94
babyB-v15-dsl-3,580,2.578742348358375,train_loss,1.8931
babyB-v15-dsl-3,590,2.6232609905397886,train_loss,1.853
babyB-v15-dsl-3,600,2.667779632721202,train_loss,1.9261
babyB-v15-dsl-3,610,2.7122982749026154,train_loss,1.8749
babyB-v15-dsl-3,620,2.756816917084029,train_loss,1.8572
babyB-v15-dsl-3,630,2.8013355592654423,train_loss,1.9249
babyB-v15-dsl-3,640,2.8458542014468557,train_loss,1.8849
babyB-v15-dsl-3,650,2.890372843628269,train_loss,1.9211
babyB-v15-dsl-3,660,2.9348914858096826,train_loss,1.8652
babyB-v15-dsl-3,670,2.9794101279910965,train_loss,1.917
babyB-v15-dsl-3,675,3.0,eval_loss,1.7513705492019653
